,HIPPA,ML prediction result,ML prediction result 0/1
row_id,0,0.0027950995,0
subject_id,1,0.96451366,1
gender,0,0.0010964955,0
dob,1,0.96451366,1
dod,1,0.96451366,1
dod_hosp,1,0.96451366,1
dod_ssn,1,0.96451366,1
expire_flag,0,0.003297689,0
mimic_id,1,0.96451366,1
universal_id,0,0.0010964955,0
